{"cameraMode":{"drawMode":0,"name":"Shaded","section":"Shading Mode"},"sceneLighting":false,"audioPlay":false,"sceneViewState":{"showFog":true,"showMaterialUpdate":false,"showSkybox":true,"showFlares":true,"showImageEffects":true,"showParticleSystems":true},"in2DMode":false,"pivot":{"x":11.338945388793946,"y":-18.038236618041993,"z":9.994525909423829},"rotation":{"x":-0.0002472189662512392,"y":0.9965945482254028,"z":-0.08240609616041184,"w":-0.00298979296348989},"size":77.3416519165039,"orthographic":false}