{"cameraMode":{"drawMode":0,"name":"Shaded","section":"Shading Mode"},"sceneLighting":false,"audioPlay":false,"sceneViewState":{"showFog":true,"showMaterialUpdate":false,"showSkybox":true,"showFlares":true,"showImageEffects":true,"showParticleSystems":true},"in2DMode":false,"pivot":{"x":0.2952880859375,"y":-30.96825408935547,"z":-38.42087936401367},"rotation":{"x":0.010819682851433754,"y":0.9832901954650879,"z":-0.17071053385734559,"w":0.06232171878218651},"size":85.68207550048828,"orthographic":false}