{"cameraMode":{"drawMode":0,"name":"Shaded","section":"Shading Mode"},"sceneLighting":false,"audioPlay":false,"sceneViewState":{"showFog":true,"showMaterialUpdate":false,"showSkybox":false,"showFlares":true,"showImageEffects":true,"showParticleSystems":true},"in2DMode":false,"pivot":{"x":2.3971424102783205,"y":-3.3039894104003908,"z":-4.4384765625},"rotation":{"x":-0.16076748073101045,"y":0.5649678707122803,"z":0.1133507788181305,"w":0.8013269901275635},"size":4.866344928741455,"orthographic":true}