{"cameraMode":{"drawMode":0,"name":"Shaded","section":"Shading Mode"},"sceneLighting":false,"audioPlay":false,"sceneViewState":{"showFog":true,"showMaterialUpdate":false,"showSkybox":false,"showFlares":true,"showImageEffects":true,"showParticleSystems":true},"in2DMode":false,"pivot":{"x":0.8658924102783203,"y":-1.4563331604003907,"z":-3.3330078125},"rotation":{"x":0.015157626941800118,"y":0.7388270497322083,"z":-0.01662605255842209,"w":0.6735255122184753},"size":20.44335174560547,"orthographic":true}