{"cameraMode":{"drawMode":0,"name":"Shaded","section":"Shading Mode"},"sceneLighting":false,"audioPlay":false,"sceneViewState":{"showFog":true,"showMaterialUpdate":false,"showSkybox":false,"showFlares":true,"showImageEffects":true,"showParticleSystems":true},"in2DMode":false,"pivot":{"x":0.07563972473144531,"y":0.8592529296875,"z":-1.48046875},"rotation":{"x":0.059771809726953509,"y":0.0798725038766861,"z":-0.004797980189323425,"w":0.9949992299079895},"size":21.22391128540039,"orthographic":true}